setting,rep,method,coverage,lpb_over_oracle,mean_lpb
shift,0,Cox quantile,0.8813333333333333,1.0562997970693884,2.515059346328653
shift,0,RSF quantile,0.8443333333333334,1.0590152129416712,11666666669.369343
shift,0,Naive CQR,0.935,0.0,49000000000.22391
shift,0,Candes CQR-Cox,0.9003333333333333,1.0494748151841953,2.3171125746028443
shift,0,Candes CQR-RSF,0.933,0.7527821976631093,1.944221726903117
shift,0,Candes CDR-RSF,0.9513333333333334,0.6757241127797142,1.83389297132506
shift,0,DR-COSARC CQR-RSF,0.9366666666666666,0.7436999900771184,1.8620721202272161
shift,1,Cox quantile,0.9023333333333333,1.008165353681506,2.4204356417139588
shift,1,RSF quantile,0.84,1.0690638573419933,2.8118572708551715
shift,1,Naive CQR,0.999,0.0,0.503933588403576
shift,1,Candes CQR-Cox,0.8676666666666667,1.3070311421327745,2.750758322453768
shift,1,Candes CQR-RSF,0.8813333333333333,1.0201964743096004,2.5870099209810506
shift,1,Candes CDR-RSF,0.8813333333333333,0.9048951806015466,2.5544492989132586
shift,1,DR-COSARC CQR-RSF,0.925,0.7831686740683593,2.0150621339292134
shift,2,Cox quantile,0.8806666666666667,1.0622331260426938,2.627944650772277
shift,2,RSF quantile,0.835,1.0976133977890485,12666666669.488155
shift,2,Naive CQR,0.9806666666666667,0.0,17333333333.72766
shift,2,Candes CQR-Cox,0.9573333333333334,0.7574404346431527,1.829204135177123
shift,2,Candes CQR-RSF,0.9393333333333334,0.7197239452455237,1.8843315893686026
shift,2,Candes CDR-RSF,0.9843333333333333,0.48143789005092025,1.2954454783486102
shift,2,DR-COSARC CQR-RSF,0.9206666666666666,0.8112896591132035,2.136192462579239
shift,3,Cox quantile,0.8976666666666666,0.9808375159668314,2.4067747593222593
shift,3,RSF quantile,0.8646666666666667,1.05017444959855,2.673443421893253
shift,3,Naive CQR,0.9956666666666667,0.0,0.5764609873041782
shift,3,Candes CQR-Cox,0.922,0.9345903583706694,2.1566726474988482
shift,3,Candes CQR-RSF,0.904,0.883332051055145,2.2053224742904214
shift,3,Candes CDR-RSF,0.7766666666666666,1.2776329843124647,2.997556923799999
shift,3,DR-COSARC CQR-RSF,0.908,0.8615456112205567,2.157979442451177
shift,4,Cox quantile,0.898,1.0117897505928752,2.4271548735592723
shift,4,RSF quantile,0.8523333333333334,1.0365759540669495,10333333335.962875
shift,4,Naive CQR,0.9886666666666667,0.0,0.6089039817320574
shift,4,Candes CQR-Cox,0.9616666666666667,0.7559706281618166,1.5898867870364715
shift,4,Candes CQR-RSF,0.8953333333333333,0.8946217108470977,2.286256082875323
shift,4,Candes CDR-RSF,0.946,0.7359671972303177,1.6399218155957487
shift,4,DR-COSARC CQR-RSF,0.9013333333333333,0.9074200284567819,2.1862408913992053
shift,5,Cox quantile,0.8946666666666667,0.9849309012065688,2.4260844823645136
shift,5,RSF quantile,0.8286666666666667,1.010187047315052,25000000002.657604
shift,5,Naive CQR,0.9943333333333333,0.0,0.6210736224935056
shift,5,Candes CQR-Cox,0.9453333333333334,0.8349576837829635,1.9508771289964157
shift,5,Candes CQR-RSF,0.9413333333333334,0.6875750066633732,1.9306636875697099
shift,5,Candes CDR-RSF,0.9446666666666667,0.6912459867068557,1.8966863674753622
shift,5,DR-COSARC CQR-RSF,0.925,0.8630391047952561,2.078309348643071
shift,6,Cox quantile,0.8996666666666666,1.0002055653137119,2.458487689355004
shift,6,RSF quantile,0.8363333333333334,0.998952051306607,39666666669.23142
shift,6,Naive CQR,0.9913333333333333,0.0,0.5650504981735687
shift,6,Candes CQR-Cox,0.944,0.8394121632754954,1.9808729898681723
shift,6,Candes CQR-RSF,0.925,0.7721244892769495,1.9670026973457013
shift,6,Candes CDR-RSF,0.916,0.8149821284072774,2.054029143481954
shift,6,DR-COSARC CQR-RSF,0.892,0.9004257900463659,2.159329270731365
shift,7,Cox quantile,0.9033333333333333,0.9809001156732728,2.3736479559495254
shift,7,RSF quantile,0.8673333333333333,1.0310280362404047,2.6189402227409695
shift,7,Naive CQR,0.9933333333333333,0.0,0.7296481746973972
shift,7,Candes CQR-Cox,0.962,0.7444837261058543,1.7909308960562957
shift,7,Candes CQR-RSF,0.9583333333333334,0.661793953941926,1.693983615375524
shift,7,Candes CDR-RSF,0.9526666666666667,0.6124171578449336,1.800699779864181
shift,7,DR-COSARC CQR-RSF,0.9216666666666666,0.7888642402798127,2.0229064630170503
shift,8,Cox quantile,0.8873333333333333,1.0293825773453642,2.4549247015463838
shift,8,RSF quantile,0.8423333333333334,1.0426052163447617,6333333336.019856
shift,8,Naive CQR,0.9956666666666667,0.0,0.6340888489236489
shift,8,Candes CQR-Cox,0.937,0.8930346786968089,1.9360355278970292
shift,8,Candes CQR-RSF,0.9193333333333333,0.8013363868331583,1.9342838994402365
shift,8,Candes CDR-RSF,0.951,0.7047325129214056,1.719408999611882
shift,8,DR-COSARC CQR-RSF,0.9466666666666667,0.7077522644021061,1.6844450255033783
shift,9,Cox quantile,0.9026666666666666,0.9717022163283531,2.3768134624848023
shift,9,RSF quantile,0.88,0.9826259797666683,4666666669.206164
shift,9,Naive CQR,0.9943333333333333,0.0,0.6099130965775911
shift,9,Candes CQR-Cox,0.921,0.961776583885165,2.175026472971608
shift,9,Candes CQR-RSF,0.905,0.935696800552994,2.2480591739047577
shift,9,Candes CDR-RSF,0.876,1.0649553361971695,2.4409843103136932
shift,9,DR-COSARC CQR-RSF,0.9176666666666666,0.9045112329770808,2.0861678367692194
shift,10,Cox quantile,0.9043333333333333,1.0173083959529325,2.512523218783696
shift,10,RSF quantile,0.8416666666666667,1.0275599481658912,21666666669.39511
shift,10,Naive CQR,0.9976666666666667,0.0,0.4761832013115367
shift,10,Candes CQR-Cox,0.9676666666666667,0.43683709007835125,1.584165192964686
shift,10,Candes CQR-RSF,0.9523333333333334,0.4667954908338572,1.6759773312192825
shift,10,Candes CDR-RSF,0.958,0.5495451224625099,1.6526273611682978
shift,10,DR-COSARC CQR-RSF,0.8906666666666667,0.843980327900079,2.2343781563732352
shift,11,Cox quantile,0.8786666666666667,1.0562383720786417,2.5392643653871705
shift,11,RSF quantile,0.842,1.0840275197295803,2.7966987456769092
shift,11,Naive CQR,0.9956666666666667,0.0,0.6012819896920084
shift,11,Candes CQR-Cox,0.9426666666666667,0.8766146473772338,2.020897480888638
shift,11,Candes CQR-RSF,0.9383333333333334,0.7944205508820139,1.982995467435215
shift,11,Candes CDR-RSF,0.9453333333333334,0.7043601992144025,1.804855967462198
shift,11,DR-COSARC CQR-RSF,0.897,0.9361606033353571,2.274162992241102
shift,12,Cox quantile,0.8896666666666667,1.000502301888761,2.42877986447637
shift,12,RSF quantile,0.847,1.0749348477973104,2.678863187307925
shift,12,Naive CQR,0.9923333333333333,0.0,0.6656715776516618
shift,12,Candes CQR-Cox,0.9373333333333334,0.8735374363716862,2.0643800512874457
shift,12,Candes CQR-RSF,0.9056666666666666,0.9150617183276222,2.225728959908555
shift,12,Candes CDR-RSF,0.8926666666666667,0.9904636987881164,2.3369101524836307
shift,12,DR-COSARC CQR-RSF,0.875,1.034853514688414,2.3480357362919637
shift,13,Cox quantile,0.883,1.0219308869247783,2.44098874825642
shift,13,RSF quantile,0.845,1.052859829395892,2.702889414738315
shift,13,Naive CQR,0.9963333333333333,0.0,0.6522727813721583
shift,13,Candes CQR-Cox,0.954,0.7978188344517274,1.8488439067340314
shift,13,Candes CQR-RSF,0.9613333333333334,0.6507428377821871,1.6666817666271054
shift,13,Candes CDR-RSF,0.9636666666666667,0.6284563817155002,1.5903576272718314
shift,13,DR-COSARC CQR-RSF,0.9763333333333334,0.5084522628386479,1.327627071127957
shift,14,Cox quantile,0.8836666666666667,1.0204248994792864,2.454114394529936
shift,14,RSF quantile,0.832,1.0629797822942684,11333333335.971807
shift,14,Naive CQR,0.9906666666666667,0.0,0.536761381589008
shift,14,Candes CQR-Cox,0.8866666666666667,1.125026917180136,2.4147349941304355
shift,14,Candes CQR-RSF,0.8993333333333333,0.8790699785723004,2.262360593536349
shift,14,Candes CDR-RSF,0.8723333333333333,0.9946569809394062,2.5815522051134203
shift,14,DR-COSARC CQR-RSF,0.8816666666666667,0.9491695513061733,2.3858194816532197
shift,15,Cox quantile,0.8916666666666667,0.9783323258737041,2.366299499415121
shift,15,RSF quantile,0.846,1.0382382902584983,12333333335.908985
shift,15,Naive CQR,0.996,0.0,0.6231776712708582
shift,15,Candes CQR-Cox,0.921,0.9414793694094055,2.0937582433209805
shift,15,Candes CQR-RSF,0.8993333333333333,0.8756321121702967,2.174494049857239
shift,15,Candes CDR-RSF,0.806,1.1303802151127742,2.752859791456527
shift,15,DR-COSARC CQR-RSF,0.904,0.8520685460876285,2.0647784236980558
shift,16,Cox quantile,0.9013333333333333,0.9942494977868115,2.379121113804967
shift,16,RSF quantile,0.8566666666666667,0.9566569758311039,13000000002.546953
shift,16,Naive CQR,0.993,0.0,0.6059836570934038
shift,16,Candes CQR-Cox,0.9223333333333333,0.9483160513452482,2.1507190141761137
shift,16,Candes CQR-RSF,0.894,0.9447664891086727,2.262588354895874
shift,16,Candes CDR-RSF,0.8603333333333333,1.0325120229789242,2.4894236713429057
shift,16,DR-COSARC CQR-RSF,0.9536666666666667,0.6686297304337931,1.62614529482904
shift,17,Cox quantile,0.8986666666666666,0.9894043649312952,2.460477205509263
shift,17,RSF quantile,0.8383333333333334,1.0421646954039092,18000000002.667583
shift,17,Naive CQR,0.9976666666666667,0.0,0.5195565529744167
shift,17,Candes CQR-Cox,0.9323333333333333,0.9308711090056505,2.1204535158176157
shift,17,Candes CQR-RSF,0.901,0.840759694044522,2.2298694941210875
shift,17,Candes CDR-RSF,0.868,0.9982763147181495,2.4930530206865145
shift,17,DR-COSARC CQR-RSF,0.8946666666666667,0.8574977768421902,2.198723482127128
shift,18,Cox quantile,0.889,1.006532707135872,2.4105308610828864
shift,18,RSF quantile,0.8466666666666667,1.0308315274599789,8333333335.980846
shift,18,Naive CQR,0.9886666666666667,0.0,0.5611496540558348
shift,18,Candes CQR-Cox,0.935,0.9225442091551163,2.107401485486932
shift,18,Candes CQR-RSF,0.9026666666666666,0.9394542092913283,1.9961785279572948
shift,18,Candes CDR-RSF,0.8966666666666666,0.9617214073424843,2.0342645473544825
shift,18,DR-COSARC CQR-RSF,0.9093333333333333,0.9060613814083545,1.861237272847836
shift,19,Cox quantile,0.9083333333333333,0.994104870478353,2.3858238799560487
shift,19,RSF quantile,0.8743333333333333,0.9890216916310071,2.703879424834853
shift,19,Naive CQR,0.9743333333333334,0.0,17333333333.96087
shift,19,Candes CQR-Cox,0.936,0.913933868972219,1.8706813780544362
shift,19,Candes CQR-RSF,0.937,0.8100755029419235,1.811253304768602
shift,19,Candes CDR-RSF,0.9346666666666666,0.8142711646850413,1.8091937168699077
shift,19,DR-COSARC CQR-RSF,0.9646666666666667,0.6285519374144071,1.6190733517490514
shift,20,Cox quantile,0.915,0.9690561927035972,2.412159430062599
shift,20,RSF quantile,0.8833333333333333,1.005997374648028,2.635186183681545
shift,20,Naive CQR,0.9936666666666667,0.0,0.6840008885443022
shift,20,Candes CQR-Cox,0.951,0.835397301250008,2.0113483382395287
shift,20,Candes CQR-RSF,0.9213333333333333,0.8935316425512014,2.2218163271055205
shift,20,Candes CDR-RSF,0.8956666666666667,0.9557655471707504,2.4274920531874797
shift,20,DR-COSARC CQR-RSF,0.9276666666666666,0.8462109495208936,2.118772211151517
shift,21,Cox quantile,0.9003333333333333,0.9960365988942231,2.380408956966472
shift,21,RSF quantile,0.8316666666666667,1.0247117280677351,27333333335.942974
shift,21,Naive CQR,0.9783333333333334,0.0,0.8093638233438563
shift,21,Candes CQR-Cox,0.9203333333333333,0.9823555202674976,2.155012776539333
shift,21,Candes CQR-RSF,0.969,0.30923376716324835,1.4782601992307245
shift,21,Candes CDR-RSF,0.8786666666666667,1.0208379752696715,2.130193430400795
shift,21,DR-COSARC CQR-RSF,0.9043333333333333,0.9029250620738989,2.1562130778655733
shift,22,Cox quantile,0.886,1.0197242224512342,2.4176400125933206
shift,22,RSF quantile,0.8436666666666667,1.0458725546057694,2.701625437646455
shift,22,Naive CQR,0.9883333333333333,0.0,7000000000.455576
shift,22,Candes CQR-Cox,0.9123333333333333,0.9840892816757842,2.1857281358330662
shift,22,Candes CQR-RSF,0.9193333333333333,0.7792972878037929,1.8699321188841787
shift,22,Candes CDR-RSF,0.8393333333333334,1.0263163992690851,2.6016358101952295
shift,22,DR-COSARC CQR-RSF,0.8866666666666667,0.8428262349080935,2.319070429655807
shift,23,Cox quantile,0.881,1.029154199900348,2.4673520227586834
shift,23,RSF quantile,0.86,1.04364046576916,2.6295837911670734
shift,23,Naive CQR,0.9953333333333333,0.0,0.6338756645695851
shift,23,Candes CQR-Cox,0.943,0.8878235257901301,2.019055106785172
shift,23,Candes CQR-RSF,0.9413333333333334,0.6832572081543273,1.791551539079108
shift,23,Candes CDR-RSF,0.8913333333333333,0.9113502483840112,2.0537251136042878
shift,23,DR-COSARC CQR-RSF,0.897,0.9233391524056865,2.1449826975413724
shift,24,Cox quantile,0.8916666666666667,1.0051420946418252,2.3983804214817677
shift,24,RSF quantile,0.8546666666666667,1.0779450947021694,2.6625175706264876
shift,24,Naive CQR,0.99,0.0,0.6126655551112045
shift,24,Candes CQR-Cox,0.9226666666666666,0.9809380603276571,2.1270681198145596
shift,24,Candes CQR-RSF,0.9046666666666666,0.9263557763519017,2.213164433549346
shift,24,Candes CDR-RSF,0.8626666666666667,1.1021153538448858,2.518444487256014
shift,24,DR-COSARC CQR-RSF,0.9423333333333334,0.6841059166343024,1.957476035300246
shift,25,Cox quantile,0.9043333333333333,0.9857582451864988,2.4078906929987522
shift,25,RSF quantile,0.8426666666666667,1.02449164449341,9666666669.388857
shift,25,Naive CQR,0.998,0.0,0.505591510443664
shift,25,Candes CQR-Cox,0.917,1.0002810658116803,2.2286635168350037
shift,25,Candes CQR-RSF,0.8846666666666667,0.9139825610645769,2.3126567253492856
shift,25,Candes CDR-RSF,0.8833333333333333,0.9152420237483587,2.32180157001977
shift,25,DR-COSARC CQR-RSF,0.8973333333333333,0.8518450464257468,2.1810395071599324
shift,26,Cox quantile,0.8733333333333333,1.0597168250019797,2.57418829006254
shift,26,RSF quantile,0.8476666666666667,1.1124996723374623,2.7840172646532357
shift,26,Naive CQR,0.99,0.0,0.4540453009774947
shift,26,Candes CQR-Cox,0.9156666666666666,0.9847731625646776,2.1718469025303024
shift,26,Candes CQR-RSF,0.9623333333333334,0.5626253799565285,1.5303169337283071
shift,26,Candes CDR-RSF,0.965,0.6439455143543402,1.5874566592355959
shift,26,DR-COSARC CQR-RSF,0.888,0.9421803726948574,2.2903108417548355
shift,27,Cox quantile,0.9006666666666666,1.017955733743031,2.49856342482334
shift,27,RSF quantile,0.8486666666666667,1.0703660189226567,11666666669.46995
shift,27,Naive CQR,0.9553333333333334,0.0,25666666667.148895
shift,27,Candes CQR-Cox,0.9266666666666666,1.0021380823666677,2.18443147938786
shift,27,Candes CQR-RSF,0.9026666666666666,0.8764359273253177,2.234327588050048
shift,27,Candes CDR-RSF,0.9116666666666666,0.8414411485696294,2.1709420356782507
shift,27,DR-COSARC CQR-RSF,0.9213333333333333,0.8049200243610346,2.0009877071606996
shift,28,Cox quantile,0.889,1.0589389654560315,2.535533252695639
shift,28,RSF quantile,0.8366666666666667,1.0622778464400768,33333333335.896484
shift,28,Naive CQR,0.9993333333333333,0.0,0.555375436220895
shift,28,Candes CQR-Cox,0.9356666666666666,0.9144289635715805,1.9944410804479988
shift,28,Candes CQR-RSF,0.9496666666666667,0.7218631789534371,1.8594070692327216
shift,28,Candes CDR-RSF,0.9786666666666667,0.5233719645709749,1.3527640160810672
shift,28,DR-COSARC CQR-RSF,0.901,0.8864841339202931,2.1396753950415595
shift,29,Cox quantile,0.9063333333333333,0.9515541754573191,2.2806208585694754
shift,29,RSF quantile,0.867,1.051558094320766,4000000002.532282
shift,29,Naive CQR,0.9973333333333333,0.0,0.5618075958812554
shift,29,Candes CQR-Cox,0.9383333333333334,0.9101595475736701,2.0318530579927425
shift,29,Candes CQR-RSF,0.8986666666666666,0.8802396851631307,1.9248117878739246
shift,29,Candes CDR-RSF,0.8986666666666666,0.9267054102280685,2.2741799688221587
shift,29,DR-COSARC CQR-RSF,0.9473333333333334,0.6531511966033251,1.473537169031174
shift,30,Cox quantile,0.8866666666666667,0.9745610487998977,2.3534756349193726
shift,30,RSF quantile,0.8556666666666667,1.0592443484310392,2.6020821022192924
shift,30,Naive CQR,0.9966666666666667,0.0,0.612125544755273
shift,30,Candes CQR-Cox,0.9636666666666667,0.7427502620622544,1.6999643333297827
shift,30,Candes CQR-RSF,0.9363333333333334,0.7277627767185015,1.6490301637131495
shift,30,Candes CDR-RSF,0.9443333333333334,0.7294046171301773,1.6919123056793746
shift,30,DR-COSARC CQR-RSF,0.9656666666666667,0.5236369779245589,1.5472385811657672
shift,31,Cox quantile,0.8923333333333333,0.9990984886450268,2.4642650602663645
shift,31,RSF quantile,0.8316666666666667,1.0853746610292583,13000000002.70418
shift,31,Naive CQR,0.9876666666666667,0.0,0.5506519320383494
shift,31,Candes CQR-Cox,0.9293333333333333,0.9370510990900963,1.8887086989331523
shift,31,Candes CQR-RSF,0.884,0.9281766125425746,2.381826639014218
shift,31,Candes CDR-RSF,0.8673333333333333,1.017545766122485,2.490928596693455
shift,31,DR-COSARC CQR-RSF,0.8936666666666667,0.8972252536805088,2.2407599823501516
shift,32,Cox quantile,0.9063333333333333,0.9848628601611864,2.3641969240574916
shift,32,RSF quantile,0.864,1.0313918322925937,2.6742364620062813
shift,32,Naive CQR,0.9636666666666667,0.0,32666666666.967
shift,32,Candes CQR-Cox,0.921,0.9905450706537156,2.2100348370151557
shift,32,Candes CQR-RSF,0.8916666666666667,0.887232182978855,2.3129238991165293
shift,32,Candes CDR-RSF,0.8766666666666667,0.9461898345363446,2.435827336727199
shift,32,DR-COSARC CQR-RSF,0.882,0.8937732966326657,2.280049293960704
shift,33,Cox quantile,0.8706666666666667,1.076044743184739,2.56326893081295
shift,33,RSF quantile,0.7943333333333333,1.1270463046501442,37000000002.68403
shift,33,Naive CQR,0.9966666666666667,0.0,0.46249384382846703
shift,33,Candes CQR-Cox,0.9103333333333333,1.0030324382786486,2.1872168284644746
shift,33,Candes CQR-RSF,0.8786666666666667,0.9194276096862338,2.324484342814269
shift,33,Candes CDR-RSF,0.8046666666666666,1.1367238957353418,2.726419979803606
shift,33,DR-COSARC CQR-RSF,0.888,0.8778399430566438,2.221458419090306
shift,34,Cox quantile,0.901,0.9892078209012315,2.414890724778353
shift,34,RSF quantile,0.8856666666666667,1.010697273766573,2.5503153989181135
shift,34,Naive CQR,0.965,0.0,30333333333.715584
shift,34,Candes CQR-Cox,0.9723333333333334,0.6927127365542807,1.7195491093522468
shift,34,Candes CQR-RSF,0.9253333333333333,0.8042919526586834,2.0726353554799863
shift,34,Candes CDR-RSF,0.8796666666666667,0.9707166494325674,2.134452462534243
shift,34,DR-COSARC CQR-RSF,0.939,0.7593885074945085,1.9433320348846355
shift,35,Cox quantile,0.8956666666666667,0.9721683348717239,2.4322926015110578
shift,35,RSF quantile,0.8473333333333334,1.032779359834523,2.8003480674085526
shift,35,Naive CQR,0.9956666666666667,0.0,0.6140282133554825
shift,35,Candes CQR-Cox,0.935,0.8938761575451872,2.063899431501551
shift,35,Candes CQR-RSF,0.907,0.8647193724633646,2.2099516430603217
shift,35,Candes CDR-RSF,0.8976666666666666,0.9082577275549193,2.3049215388185
shift,35,DR-COSARC CQR-RSF,0.9253333333333333,0.8038040105853317,2.028054762411677
shift,36,Cox quantile,0.9003333333333333,0.99853712240601,2.4355602649953436
shift,36,RSF quantile,0.8426666666666667,1.0124594534298352,10333333336.030664
shift,36,Naive CQR,0.983,0.0,12666666667.121809
shift,36,Candes CQR-Cox,0.9263333333333333,0.9488839339581445,2.1328315024098092
shift,36,Candes CQR-RSF,0.905,0.8373445770413237,2.131913431888862
shift,36,Candes CDR-RSF,0.9146666666666666,0.832956165143357,2.1052395084039506
shift,36,DR-COSARC CQR-RSF,0.921,0.7610506132886503,2.0754363165657876
shift,37,Cox quantile,0.9066666666666666,0.9526411059664849,2.2902386938326202
shift,37,RSF quantile,0.8493333333333334,1.0252881137966474,2.6166402866781553
shift,37,Naive CQR,0.9886666666666667,0.0,0.563085829099273
shift,37,Candes CQR-Cox,0.9423333333333334,0.9458634099059284,1.9391570220794032
shift,37,Candes CQR-RSF,0.9253333333333333,0.8323345001925002,2.044090994374163
shift,37,Candes CDR-RSF,0.9363333333333334,0.7807370474816482,2.0015014941361646
shift,37,DR-COSARC CQR-RSF,0.904,0.8641164343751537,2.125498544170303
shift,38,Cox quantile,0.894,0.9973904121455328,2.3517881904729414
shift,38,RSF quantile,0.847,1.0069558752321135,23000000002.496574
shift,38,Naive CQR,0.977,0.0,21000000000.3929
shift,38,Candes CQR-Cox,0.9216666666666666,0.9747634916989039,1.8629033740421086
shift,38,Candes CQR-RSF,0.9393333333333334,0.7269217315483977,1.738804152030033
shift,38,Candes CDR-RSF,0.9336666666666666,0.8086624014002439,1.80772488751695
shift,38,DR-COSARC CQR-RSF,0.9063333333333333,0.8848443834543276,2.165868110307978
shift,39,Cox quantile,0.8923333333333333,1.0080390284982288,2.4419086771126373
shift,39,RSF quantile,0.8493333333333334,1.0491030308310612,2.7326449070331718
shift,39,Naive CQR,0.9943333333333333,0.0,0.6043227561528776
shift,39,Candes CQR-Cox,0.907,1.0317869206570873,2.296675669270624
shift,39,Candes CQR-RSF,0.8743333333333333,0.953893506164814,2.4132834738728337
shift,39,Candes CDR-RSF,0.8623333333333333,1.0304289553722001,2.5299965271287506
shift,39,DR-COSARC CQR-RSF,0.9476666666666667,0.6854930551784222,1.7707307752119632
shift,40,Cox quantile,0.8936666666666667,1.0075565700574693,2.4692140607997355
shift,40,RSF quantile,0.835,1.0736495868986644,33666666669.276287
shift,40,Naive CQR,0.9933333333333333,0.0,0.5349087572104902
shift,40,Candes CQR-Cox,0.917,0.9887447502741901,1.9111874124000794
shift,40,Candes CQR-RSF,0.911,0.8658995277922509,1.9092035683961246
shift,40,Candes CDR-RSF,0.903,0.9001965976837579,1.9539522498414863
shift,40,DR-COSARC CQR-RSF,0.8926666666666667,0.8932879961951787,2.1964954193974346
shift,41,Cox quantile,0.888,1.0209711492112696,2.444951987249959
shift,41,RSF quantile,0.8336666666666667,1.0802507664832985,13333333335.973442
shift,41,Naive CQR,0.9503333333333334,0.0,46333333333.515915
shift,41,Candes CQR-Cox,0.8963333333333333,1.0432622308000683,2.2724303918031157
shift,41,Candes CQR-RSF,0.8636666666666667,1.0046773740778538,2.4059382092913952
shift,41,Candes CDR-RSF,0.8726666666666667,0.9821385475342082,2.0266753285081784
shift,41,DR-COSARC CQR-RSF,0.837,1.0528035754363736,2.7380049230789325
shift,42,Cox quantile,0.8876666666666667,1.0135291506480082,2.469304182173744
shift,42,RSF quantile,0.821,1.0398493969643088,11333333336.125261
shift,42,Naive CQR,0.9856666666666667,0.0,0.5127312327192055
shift,42,Candes CQR-Cox,0.9206666666666666,0.9404951242413228,2.1911573572389567
shift,42,Candes CQR-RSF,0.8916666666666667,0.9205647907309309,2.3274143812316526
shift,42,Candes CDR-RSF,0.8203333333333334,1.1151308515799756,2.735403948417424
shift,42,DR-COSARC CQR-RSF,0.9553333333333334,0.6237504714951301,1.6576994613338394
shift,43,Cox quantile,0.9013333333333333,0.9824444657374988,2.376843758398005
shift,43,RSF quantile,0.843,0.9989763946717257,2.8712401208449276
shift,43,Naive CQR,0.9633333333333334,0.0,31333333333.53623
shift,43,Candes CQR-Cox,0.9226666666666666,0.9617509285321935,2.1403591523792667
shift,43,Candes CQR-RSF,0.957,0.5130617379260967,1.3655288152329645
shift,43,Candes CDR-RSF,0.9723333333333334,0.6222382094227121,1.5319284434375013
shift,43,DR-COSARC CQR-RSF,0.929,0.6626118031284893,1.7519252015730808
shift,44,Cox quantile,0.8936666666666667,1.016610684453854,2.4330418879806803
shift,44,RSF quantile,0.843,1.021585773536777,13000000002.585976
shift,44,Naive CQR,0.9976666666666667,0.0,0.5000539022634565
shift,44,Candes CQR-Cox,0.915,0.9895319506311104,2.157283325925069
shift,44,Candes CQR-RSF,0.9356666666666666,0.48040821920017485,1.7589638407557213
shift,44,Candes CDR-RSF,1.0,0.0,0.0
shift,44,DR-COSARC CQR-RSF,0.9256666666666666,0.7412700113793746,1.9815335679799082
shift,45,Cox quantile,0.8923333333333333,1.018219526284615,2.4564901272159396
shift,45,RSF quantile,0.8213333333333334,1.0753339427701054,2.9728098958413303
shift,45,Naive CQR,0.9816666666666667,0.0,7666666667.205812
shift,45,Candes CQR-Cox,0.948,0.8497825707046014,1.932631948294204
shift,45,Candes CQR-RSF,0.9383333333333334,0.7773828675556996,1.9342507577107433
shift,45,Candes CDR-RSF,0.9343333333333333,0.790312595968246,1.9732251329994488
shift,45,DR-COSARC CQR-RSF,0.903,0.9381120881266005,2.1818133683866394
shift,46,Cox quantile,0.8976666666666666,1.0073036151658605,2.4307163895605775
shift,46,RSF quantile,0.832,1.0145638280775815,39333333335.829704
shift,46,Naive CQR,0.9576666666666667,0.0,37666666666.870346
shift,46,Candes CQR-Cox,0.94,0.8869485719755241,1.9852525770674192
shift,46,Candes CQR-RSF,0.9093333333333333,0.8806790120590899,2.147072346466095
shift,46,Candes CDR-RSF,0.9403333333333334,0.7576145098675519,1.8836549449402122
shift,46,DR-COSARC CQR-RSF,0.888,0.9579948409141785,2.154835692316366
shift,47,Cox quantile,0.8966666666666666,1.002305181059006,2.3331224162728583
shift,47,RSF quantile,0.8436666666666667,1.0222266547773597,2666666669.3242345
shift,47,Naive CQR,0.9966666666666667,0.0,0.6065351936257126
shift,47,Candes CQR-Cox,0.919,1.0225399520895955,1.8652198650106202
shift,47,Candes CQR-RSF,0.9496666666666667,0.662815920615843,1.8041873684576688
shift,47,Candes CDR-RSF,0.8676666666666667,0.9778212383631275,2.3589210657095303
shift,47,DR-COSARC CQR-RSF,0.9166666666666666,0.8407574242427747,1.7444167334912297
shift,48,Cox quantile,0.9056666666666666,0.97334519795677,2.3696089197926784
shift,48,RSF quantile,0.8496666666666667,1.0242618396017924,9000000002.729383
shift,48,Naive CQR,0.982,0.0,13000000000.32843
shift,48,Candes CQR-Cox,0.9183333333333333,0.9797121172002621,2.2659841568675048
shift,48,Candes CQR-RSF,0.8743333333333333,0.9685385608835062,2.4821981826930752
shift,48,Candes CDR-RSF,0.735,1.4109787626211299,3.2161585085064264
shift,48,DR-COSARC CQR-RSF,0.9103333333333333,0.8633492600147137,1.8930212510025697
shift,49,Cox quantile,0.9143333333333333,0.9257276214495658,2.2363467539314406
shift,49,RSF quantile,0.8773333333333333,0.9379647780774082,8666666669.128704
shift,49,Naive CQR,0.9966666666666667,0.0,0.5749699179610233
shift,49,Candes CQR-Cox,0.9456666666666667,0.8700636113938508,1.9603278273443514
shift,49,Candes CQR-RSF,0.939,0.751040777257628,1.899937143074013
shift,49,Candes CDR-RSF,0.948,0.7616071391593306,1.8410915609417529
shift,49,DR-COSARC CQR-RSF,0.921,0.8618837151707595,2.040126698697115
shift,50,Cox quantile,0.8933333333333333,1.0289807390036905,2.5041944005491636
shift,50,RSF quantile,0.845,1.0541575748088197,2.7626121054252755
shift,50,Naive CQR,0.993,0.0,0.5723393940373789
shift,50,Candes CQR-Cox,0.927,0.9201842271791453,2.1197836835645236
shift,50,Candes CQR-RSF,0.9233333333333333,0.7588928732749609,2.060221157445687
shift,50,Candes CDR-RSF,0.9813333333333333,0.5657046770106798,1.4792089482746844
shift,50,DR-COSARC CQR-RSF,0.9253333333333333,0.7471591072291366,1.994262999444283
shift,51,Cox quantile,0.8863333333333333,1.0159266481380511,2.479660284672292
shift,51,RSF quantile,0.846,1.0759196964236497,7000000002.692836
shift,51,Naive CQR,0.995,0.0,0.48886325479849285
shift,51,Candes CQR-Cox,0.921,1.0040211578366773,2.1986480387107465
shift,51,Candes CQR-RSF,0.898,0.8890017032291513,2.288327221825805
shift,51,Candes CDR-RSF,0.8796666666666667,0.9646067495013495,2.424230096689995
shift,51,DR-COSARC CQR-RSF,0.9326666666666666,0.732236389658266,1.9208048811935048
shift,52,Cox quantile,0.8793333333333333,1.0516917016132796,2.471328980592019
shift,52,RSF quantile,0.8393333333333334,1.00225151581903,2.755608791455309
shift,52,Naive CQR,0.9606666666666667,0.0,36000000000.30867
shift,52,Candes CQR-Cox,0.9273333333333333,1.0190462988436835,2.166573432862383
shift,52,Candes CQR-RSF,0.9033333333333333,0.8795096521784828,2.2196551370976576
shift,52,Candes CDR-RSF,0.9023333333333333,0.8908391374446241,2.244767346437436
shift,52,DR-COSARC CQR-RSF,0.9003333333333333,0.8659581157804599,2.1307577334389394
shift,53,Cox quantile,0.9006666666666666,0.9948217826029445,2.423678601627652
shift,53,RSF quantile,0.8726666666666667,1.05669473915365,2.6417427723131364
shift,53,Naive CQR,0.9956666666666667,0.0,0.5505172939515272
shift,53,Candes CQR-Cox,0.9183333333333333,1.012282383887118,2.2776412824899803
shift,53,Candes CQR-RSF,0.9083333333333333,0.9061247944326092,2.313742932318375
shift,53,Candes CDR-RSF,0.8976666666666666,0.9368249538029586,2.4174812966271273
shift,53,DR-COSARC CQR-RSF,0.9473333333333334,0.7066691339780127,1.9818323527376553
shift,54,Cox quantile,0.886,1.0557979622947036,2.563567232756457
shift,54,RSF quantile,0.8306666666666667,1.055577595644329,39000000002.706955
shift,54,Naive CQR,0.9876666666666667,0.0,0.7999999183796666
shift,54,Candes CQR-Cox,0.9336666666666666,0.9233998952779161,2.0372697699358175
shift,54,Candes CQR-RSF,0.9043333333333333,0.935946758782221,2.1639533441498577
shift,54,Candes CDR-RSF,0.9276666666666666,0.8846722181506776,2.021820739932865
shift,54,DR-COSARC CQR-RSF,0.9503333333333334,0.5371532705029498,1.8544705262798686
shift,55,Cox quantile,0.8933333333333333,1.0049583811372034,2.4696906807016865
shift,55,RSF quantile,0.8426666666666667,0.9928409977189772,2.785406198594161
shift,55,Naive CQR,0.9913333333333333,0.0,0.599307245691156
shift,55,Candes CQR-Cox,0.945,0.8010318871119533,1.8986690121423226
shift,55,Candes CQR-RSF,0.917,0.8123053293199067,2.0536025382731
shift,55,Candes CDR-RSF,0.942,0.702706363397803,1.8061125035771681
shift,55,DR-COSARC CQR-RSF,0.878,0.959084230376842,2.4859741636278274
shift,56,Cox quantile,0.9033333333333333,0.9645143263442957,2.3646782882637227
shift,56,RSF quantile,0.8703333333333333,1.0212982480036148,8333333335.888262
shift,56,Naive CQR,0.9943333333333333,0.0,0.6782008740690078
shift,56,Candes CQR-Cox,0.9163333333333333,0.9837738355645136,2.166901822684742
shift,56,Candes CQR-RSF,0.861,1.146300271591901,2.8000908871095818
shift,56,Candes CDR-RSF,0.9323333333333333,0.8105383590378505,1.80845424451955
shift,56,DR-COSARC CQR-RSF,0.9196666666666666,0.8600526385944152,2.0437588051181472
shift,57,Cox quantile,0.8846666666666667,1.028183983657621,2.4654570853459403
shift,57,RSF quantile,0.8223333333333334,1.0578955225717102,8666666669.452747
shift,57,Naive CQR,0.9746666666666667,0.0,21000000000.309486
shift,57,Candes CQR-Cox,0.94,1.0124923050525858,2.0012734528785314
shift,57,Candes CQR-RSF,0.934,0.3861277009298795,1.748976519882295
shift,57,Candes CDR-RSF,0.919,0.5365559971920675,1.9885337911706804
shift,57,DR-COSARC CQR-RSF,0.9256666666666666,0.8004574602417271,1.9103929745850419
shift,58,Cox quantile,0.887,1.0043000477836124,2.3906768786302557
shift,58,RSF quantile,0.829,1.0249132712953568,4666666669.406991
shift,58,Naive CQR,0.9726666666666667,0.0,0.7420935412798008
shift,58,Candes CQR-Cox,0.925,0.9691953207895305,2.0831993388636785
shift,58,Candes CQR-RSF,0.961,0.3899534724636245,1.430732524848003
shift,58,Candes CDR-RSF,0.929,0.7538569375694961,1.9630946787187977
shift,58,DR-COSARC CQR-RSF,0.9356666666666666,0.7336658714838487,1.7922219410657794
shift,59,Cox quantile,0.9053333333333333,0.957788186845513,2.3309120119153324
shift,59,RSF quantile,0.8683333333333333,0.9721103507421778,2.5770216079747317
shift,59,Naive CQR,0.9863333333333333,0.0,0.5616362748033471
shift,59,Candes CQR-Cox,0.9103333333333333,1.001556182132029,2.2330658717845426
shift,59,Candes CQR-RSF,0.9636666666666667,0.6131190143585729,1.5572316235445214
shift,59,Candes CDR-RSF,0.954,0.6457710926347031,1.723644336164958
shift,59,DR-COSARC CQR-RSF,0.8923333333333333,0.9060331580211494,2.209257656864862
shift,60,Cox quantile,0.885,1.009823162913932,2.4638170871653475
shift,60,RSF quantile,0.8306666666666667,1.029665142860181,20666666669.38574
shift,60,Naive CQR,0.9946666666666667,0.0,0.6477585632991129
shift,60,Candes CQR-Cox,0.9596666666666667,0.8192784634376148,1.7368188960563384
shift,60,Candes CQR-RSF,0.9573333333333334,0.6314590321917108,1.756253318484685
shift,60,Candes CDR-RSF,0.9873333333333333,0.47450173016258446,1.1893132713045385
shift,60,DR-COSARC CQR-RSF,0.9126666666666666,0.8243312428308387,2.007642370229447
shift,61,Cox quantile,0.8703333333333333,1.0400526312581517,2.48037502606354
shift,61,RSF quantile,0.8136666666666666,1.0797051945121696,27333333336.008186
shift,61,Naive CQR,0.9966666666666667,0.0,0.5608984851246146
shift,61,Candes CQR-Cox,0.943,0.919156097941608,1.8558781288652877
shift,61,Candes CQR-RSF,0.897,0.8878688687119156,2.174385535708253
shift,61,Candes CDR-RSF,0.891,0.8367534494866435,1.9627504865635117
shift,61,DR-COSARC CQR-RSF,0.8973333333333333,0.9119904731000568,2.0694054268762425
shift,62,Cox quantile,0.881,1.0270379587022376,2.498502658571
shift,62,RSF quantile,0.833,1.0692636149903532,6666666669.424827
shift,62,Naive CQR,0.953,0.0,35333333333.72893
shift,62,Candes CQR-Cox,0.908,0.9902276960706418,2.24812505518328
shift,62,Candes CQR-RSF,0.873,0.978436459971922,2.3403252148823763
shift,62,Candes CDR-RSF,0.8253333333333334,1.154810470489367,2.675878906458671
shift,62,DR-COSARC CQR-RSF,0.9113333333333333,0.745976617399026,2.10248110884412
shift,63,Cox quantile,0.907,0.971824459200409,2.3330804237666536
shift,63,RSF quantile,0.8413333333333334,1.0053990231673882,5000000002.709948
shift,63,Naive CQR,0.964,0.0,0.8485422321784581
shift,63,Candes CQR-Cox,0.9386666666666666,0.9125115595907556,2.0607663580088005
shift,63,Candes CQR-RSF,0.926,0.8519268377882729,2.0986491720080216
shift,63,Candes CDR-RSF,0.91,0.9092132243941325,1.9767049573441626
shift,63,DR-COSARC CQR-RSF,0.9503333333333334,0.7439998424603431,1.8161379180576804
shift,64,Cox quantile,0.896,0.9624091932943761,2.3399188809650084
shift,64,RSF quantile,0.8146666666666667,1.0472316279811893,49333333335.820915
shift,64,Naive CQR,0.9743333333333334,0.0,14000000000.475124
shift,64,Candes CQR-Cox,0.9583333333333334,0.7619343405433621,1.7774132829758738
shift,64,Candes CQR-RSF,0.913,0.8359099285137204,2.065933649891109
shift,64,Candes CDR-RSF,0.894,0.8430089105362166,2.344991193555572
shift,64,DR-COSARC CQR-RSF,0.8956666666666667,0.8790534350137906,2.3139811039434983
shift,65,Cox quantile,0.8763333333333333,1.060785396589663,2.594954729980286
shift,65,RSF quantile,0.826,1.158275444494088,2.876362684132942
shift,65,Naive CQR,0.9666666666666667,0.0,26666666667.17651
shift,65,Candes CQR-Cox,0.922,0.9422427210947748,2.107366530376709
shift,65,Candes CQR-RSF,0.9043333333333333,0.9475983364662885,2.214726533677101
shift,65,Candes CDR-RSF,0.9083333333333333,0.9303387613243431,2.182316521246363
shift,65,DR-COSARC CQR-RSF,0.9,0.9584558402229015,2.361662870564645
shift,66,Cox quantile,0.8733333333333333,1.0091366067355685,2.3507684444465897
shift,66,RSF quantile,0.8416666666666667,1.0145933136155159,2.647362828622132
shift,66,Naive CQR,0.9963333333333333,0.0,0.5587316267422378
shift,66,Candes CQR-Cox,0.8763333333333333,1.1019110337167157,2.4225757937388686
shift,66,Candes CQR-RSF,0.869,0.9589574835229174,2.402760769161042
shift,66,Candes CDR-RSF,0.7406666666666667,1.4313894574063113,3.0873576021538356
shift,66,DR-COSARC CQR-RSF,0.8826666666666667,0.9074065326520925,2.21795363771619
shift,67,Cox quantile,0.872,1.0778924479220269,2.603523844878768
shift,67,RSF quantile,0.8213333333333334,1.1411555718872854,4000000002.9127593
shift,67,Naive CQR,0.9903333333333333,0.0,0.6048795366235197
shift,67,Candes CQR-Cox,0.9306666666666666,0.9980787895124013,2.054199634834554
shift,67,Candes CQR-RSF,0.973,0.3557322591751063,1.3346459504072503
shift,67,Candes CDR-RSF,0.9493333333333334,0.6690551890576979,1.7568155440664608
shift,67,DR-COSARC CQR-RSF,0.8886666666666667,0.9626783501188989,2.1797274937446107
shift,68,Cox quantile,0.8973333333333333,0.9861668657894129,2.403249212332178
shift,68,RSF quantile,0.8626666666666667,1.0300571404588914,2.6961693854812165
shift,68,Naive CQR,0.978,0.0,19666666667.158627
shift,68,Candes CQR-Cox,0.914,0.9578022591001074,2.17645117338993
shift,68,Candes CQR-RSF,0.9316666666666666,0.7661290880688432,1.9469780656136377
shift,68,Candes CDR-RSF,0.904,0.9415954599217082,2.016291454959541
shift,68,DR-COSARC CQR-RSF,0.8973333333333333,0.9205145457434494,2.2908713203224553
shift,69,Cox quantile,0.8883333333333333,1.0086675128087788,2.4442597921794205
shift,69,RSF quantile,0.8526666666666667,1.0032678652595917,2.644456374815715
shift,69,Naive CQR,0.982,0.0,14666666666.967703
shift,69,Candes CQR-Cox,0.9153333333333333,0.9655147025231747,1.9883999795507044
shift,69,Candes CQR-RSF,0.9046666666666666,0.6878976626573499,1.983677307605521
shift,69,Candes CDR-RSF,0.937,0.7562613837041374,1.8128359952592874
shift,69,DR-COSARC CQR-RSF,0.937,0.5833611245934486,1.5987632412207173
shift,70,Cox quantile,0.8863333333333333,1.0014191098507927,2.4222753429928106
shift,70,RSF quantile,0.8316666666666667,1.053461580919004,28333333335.950687
shift,70,Naive CQR,0.9656666666666667,0.0,30666666666.926964
shift,70,Candes CQR-Cox,0.9223333333333333,0.9225419475837295,2.0760122021191707
shift,70,Candes CQR-RSF,0.9346666666666666,0.7745657437571409,1.9358132086727715
shift,70,Candes CDR-RSF,0.9426666666666667,0.7723534441454819,1.888038523130348
shift,70,DR-COSARC CQR-RSF,0.9033333333333333,0.9550512790365968,2.1499611349713645
shift,71,Cox quantile,0.8766666666666667,1.0336420005895013,2.46961688867917
shift,71,RSF quantile,0.7996666666666666,1.075941081096021,36666666669.330154
shift,71,Naive CQR,0.9943333333333333,0.0,0.5614627397891909
shift,71,Candes CQR-Cox,0.949,0.85275056818588,1.8935182810251876
shift,71,Candes CQR-RSF,0.918,0.7526622843174704,1.9519296304356606
shift,71,Candes CDR-RSF,1.0,0.0,0.0
shift,71,DR-COSARC CQR-RSF,0.8993333333333333,0.7364745616370234,2.0155510780470784
shift,72,Cox quantile,0.889,1.0178221570928603,2.450358702496839
shift,72,RSF quantile,0.843,1.1178611725983194,2.7852390017355417
shift,72,Naive CQR,0.9963333333333333,0.0,1333333333.7520833
shift,72,Candes CQR-Cox,0.937,0.916882410072621,2.0268954863837454
shift,72,Candes CQR-RSF,0.921,0.8708921585940741,1.8989424437345448
shift,72,Candes CDR-RSF,0.8816666666666667,0.8515953441370372,1.6885874583711773
shift,72,DR-COSARC CQR-RSF,0.925,0.8419494127656078,1.7741252786687705
shift,73,Cox quantile,0.8816666666666667,1.0435624971481632,2.4860580508424
shift,73,RSF quantile,0.837,1.0487688845212673,2.7708142958601325
shift,73,Naive CQR,0.9973333333333333,0.0,0.5733871732616564
shift,73,Candes CQR-Cox,0.9233333333333333,1.0096730255191289,2.088036457360896
shift,73,Candes CQR-RSF,0.9376666666666666,0.7674612226570181,1.8955373548639751
shift,73,Candes CDR-RSF,0.9276666666666666,0.8178351612375702,1.9911741450169753
shift,73,DR-COSARC CQR-RSF,0.891,0.9443159552641123,2.197880053253146
shift,74,Cox quantile,0.8943333333333333,0.9946709747153888,2.4165065403435384
shift,74,RSF quantile,0.881,0.990512367893748,2.5417716681026996
shift,74,Naive CQR,0.9946666666666667,0.0,0.6112349595904563
shift,74,Candes CQR-Cox,0.902,0.9908528164947039,2.2136758417326288
shift,74,Candes CQR-RSF,0.889,0.9281322955433162,2.2509883808657105
shift,74,Candes CDR-RSF,0.833,1.0609462651458108,2.559033364768839
shift,74,DR-COSARC CQR-RSF,0.89,0.9457747591541241,2.338284705516196
shift,75,Cox quantile,0.9043333333333333,1.0215389913386008,2.4677406777879756
shift,75,RSF quantile,0.8546666666666667,1.037285159078221,21333333335.96562
shift,75,Naive CQR,0.9903333333333333,0.0,0.7136827448488517
shift,75,Candes CQR-Cox,0.95,0.47143503368312034,1.8779901394320015
shift,75,Candes CQR-RSF,0.965,0.0,1.3962807817471221
shift,75,Candes CDR-RSF,0.943,0.5850496783930941,1.9496268444742533
shift,75,DR-COSARC CQR-RSF,0.907,0.8839666458191537,2.1357831715121836
shift,76,Cox quantile,0.8853333333333333,0.9977531451555656,2.3659731654320058
shift,76,RSF quantile,0.8503333333333334,1.022324729520784,17333333335.89315
shift,76,Naive CQR,0.995,0.0,0.5522281570370694
shift,76,Candes CQR-Cox,0.9083333333333333,0.9923492921492338,2.1593536394267443
shift,76,Candes CQR-RSF,0.88,0.9196674233682821,2.2597268496964418
shift,76,Candes CDR-RSF,0.874,0.9226386311759753,2.3180609258779707
shift,76,DR-COSARC CQR-RSF,0.9206666666666666,0.7859990822754723,2.0499930204678574
shift,77,Cox quantile,0.901,0.9934237676477136,2.4223314186179494
shift,77,RSF quantile,0.8676666666666667,0.9851796930723689,4000000002.6535783
shift,77,Naive CQR,0.981,0.0,0.7135138012298409
shift,77,Candes CQR-Cox,0.922,0.9795396818280702,2.217634643062862
shift,77,Candes CQR-RSF,0.9296666666666666,0.816317652656935,1.8557560432942481
shift,77,Candes CDR-RSF,0.9263333333333333,0.8312099719702779,1.8824151883355869
shift,77,DR-COSARC CQR-RSF,0.897,0.9166249838945864,2.392032847415696
shift,78,Cox quantile,0.9003333333333333,0.9423521215705097,2.3057895321520494
shift,78,RSF quantile,0.852,1.039701771015357,2.7668566112278414
shift,78,Naive CQR,0.9503333333333334,0.0,49666666666.77297
shift,78,Candes CQR-Cox,0.9446666666666667,0.8650371044367737,1.884227734303863
shift,78,Candes CQR-RSF,0.9326666666666666,0.5764630505934358,1.9533357710694093
shift,78,Candes CDR-RSF,0.9316666666666666,0.7207274976604024,1.978385401624707
shift,78,DR-COSARC CQR-RSF,0.883,0.8875287149380156,2.452324530593652
shift,79,Cox quantile,0.896,0.9957951282983526,2.4064386847100017
shift,79,RSF quantile,0.864,1.0885662775340326,2.6308995852047894
shift,79,Naive CQR,0.996,0.0,0.6159409649476938
shift,79,Candes CQR-Cox,0.9826666666666667,0.382564106339499,1.411468210918539
shift,79,Candes CQR-RSF,0.9836666666666667,0.29519256449020914,1.2956274053955932
shift,79,Candes CDR-RSF,0.9333333333333333,0.8279175332632465,1.9780253034181914
shift,79,DR-COSARC CQR-RSF,0.9103333333333333,0.9025616858615911,1.9494473576558184
shift,80,Cox quantile,0.8753333333333333,1.0496708614012233,2.566987813419531
shift,80,RSF quantile,0.8026666666666666,1.1092097921125545,27000000002.70301
shift,80,Naive CQR,0.993,0.0,0.590689877638706
shift,80,Candes CQR-Cox,0.928,0.8380870297699767,2.0783545698203008
shift,80,Candes CQR-RSF,0.9046666666666666,0.8424891157493447,2.1574383377619886
shift,80,Candes CDR-RSF,0.9423333333333334,0.7067352577786158,1.8905239096717392
shift,80,DR-COSARC CQR-RSF,0.9403333333333334,0.5576604703767767,1.7512370294384363
shift,81,Cox quantile,0.8846666666666667,1.0161569590987622,2.440583273542216
shift,81,RSF quantile,0.832,1.0576613076632317,15666666669.337872
shift,81,Naive CQR,0.9936666666666667,0.0,0.651431491141633
shift,81,Candes CQR-Cox,0.914,0.9549548728261169,1.941039043047554
shift,81,Candes CQR-RSF,0.9413333333333334,0.75238237699899,1.8601734095901532
shift,81,Candes CDR-RSF,0.9106666666666666,0.9002273034062868,2.1233490750321504
shift,81,DR-COSARC CQR-RSF,0.963,0.6443727197742461,1.5518567025247978
shift,82,Cox quantile,0.8886666666666667,1.0217244501302836,2.5017223110834093
shift,82,RSF quantile,0.856,1.0520488740428178,2.6890737796432327
shift,82,Naive CQR,0.9786666666666667,0.0,20000000000.338497
shift,82,Candes CQR-Cox,0.9313333333333333,0.9492574829586771,1.8240625774508492
shift,82,Candes CQR-RSF,0.8876666666666667,0.9042929742101817,2.300822035106035
shift,82,Candes CDR-RSF,0.9263333333333333,0.7871902809505824,1.8099383929833923
shift,82,DR-COSARC CQR-RSF,0.921,0.7081553082589385,2.0973624818079517
shift,83,Cox quantile,0.9013333333333333,0.9996651377118362,2.4513374977531277
shift,83,RSF quantile,0.8706666666666667,1.0165304417933148,2.748303644651803
shift,83,Naive CQR,0.998,0.0,0.5652776124154667
shift,83,Candes CQR-Cox,0.9313333333333333,0.9841410498382848,2.1936154017239797
shift,83,Candes CQR-RSF,0.9303333333333333,0.8651504806039874,1.8890930843118834
shift,83,Candes CDR-RSF,0.9233333333333333,0.8883933443718112,1.9273038608510293
shift,83,DR-COSARC CQR-RSF,0.9043333333333333,0.9133872948555948,2.2904537976672454
shift,84,Cox quantile,0.9036666666666666,0.9681618437085737,2.340664419605189
shift,84,RSF quantile,0.8583333333333333,1.0136153036820308,2.6611174173223002
shift,84,Naive CQR,0.9736666666666667,0.0,0.5985863507924271
shift,84,Candes CQR-Cox,0.9266666666666666,0.9446501875880307,2.125231361927754
shift,84,Candes CQR-RSF,0.9126666666666666,0.8978599206235335,2.190286651760046
shift,84,Candes CDR-RSF,0.8833333333333333,0.9889347497211345,2.4283458489302356
shift,84,DR-COSARC CQR-RSF,0.949,0.745311368243682,1.7937447529901482
shift,85,Cox quantile,0.879,1.030143104919044,2.534706016108483
shift,85,RSF quantile,0.8436666666666667,1.085575524125892,11000000002.724323
shift,85,Naive CQR,0.997,0.0,0.5642691809217257
shift,85,Candes CQR-Cox,0.9136666666666666,1.0097039070248703,2.2253662555352616
shift,85,Candes CQR-RSF,0.6383333333333333,1.8867501355670877,4.306717481088328
shift,85,Candes CDR-RSF,0.8753333333333333,1.0017614734459688,2.439602420993611
shift,85,DR-COSARC CQR-RSF,0.9306666666666666,0.780230001897644,1.5035694928069774
shift,86,Cox quantile,0.9013333333333333,0.973972168461246,2.2995768042104254
shift,86,RSF quantile,0.839,1.0499358296788963,2.6939475129536654
shift,86,Naive CQR,0.9716666666666667,0.0,0.6117582269738557
shift,86,Candes CQR-Cox,0.9566666666666667,0.647722098235511,1.7107183307243576
shift,86,Candes CQR-RSF,0.9513333333333334,0.0,1.4067788794859306
shift,86,Candes CDR-RSF,0.9263333333333333,0.5535390341189049,1.928859372632114
shift,86,DR-COSARC CQR-RSF,0.9036666666666666,0.8471920010683461,2.0709471511472004
shift,87,Cox quantile,0.893,1.0207053392483276,2.4227745486823964
shift,87,RSF quantile,0.834,1.0558924300954136,14000000002.704977
shift,87,Naive CQR,0.9936666666666667,0.0,0.6129388263060617
shift,87,Candes CQR-Cox,0.9373333333333334,0.9296628023507956,2.0913923428560315
shift,87,Candes CQR-RSF,0.898,0.8829461269958906,2.2436898259688363
shift,87,Candes CDR-RSF,0.8953333333333333,0.9012431320914507,2.279838883527493
shift,87,DR-COSARC CQR-RSF,0.8923333333333333,0.9069189142955014,1.9482157754455112
shift,88,Cox quantile,0.8956666666666667,0.9784545207003723,2.400622060222316
shift,88,RSF quantile,0.8453333333333334,1.065960045710199,20666666669.299927
shift,88,Naive CQR,0.9703333333333334,0.0,21666666667.183098
shift,88,Candes CQR-Cox,0.9133333333333333,0.9437249048016315,2.1631779447819155
shift,88,Candes CQR-RSF,0.8866666666666667,0.8971226741041114,2.2295506162559438
shift,88,Candes CDR-RSF,0.8333333333333334,1.095220830887069,2.589625729681137
shift,88,DR-COSARC CQR-RSF,0.901,0.8682240346637873,2.087723920901324
shift,89,Cox quantile,0.8983333333333333,1.0070010005819932,2.4615056051072046
shift,89,RSF quantile,0.8516666666666667,1.075242189540004,6666666669.387999
shift,89,Naive CQR,0.9813333333333333,0.0,13333333333.824858
shift,89,Candes CQR-Cox,0.925,0.9909483686251916,2.1674623725668374
shift,89,Candes CQR-RSF,0.91,0.9418079031439694,2.251903915838906
shift,89,Candes CDR-RSF,0.8533333333333334,1.0750780731252023,2.5556098347169374
shift,89,DR-COSARC CQR-RSF,0.923,0.8903898681926388,2.0885622407292366
shift,90,Cox quantile,0.8973333333333333,0.9908725841384454,2.3493885335107705
shift,90,RSF quantile,0.8656666666666667,0.9812401403448792,2.5679685214830745
shift,90,Naive CQR,0.9583333333333334,0.0,37000000000.425186
shift,90,Candes CQR-Cox,0.9146666666666666,0.9528458721248515,2.172497505790062
shift,90,Candes CQR-RSF,0.8966666666666666,0.8484877631314716,2.216629637737397
shift,90,Candes CDR-RSF,0.888,0.9042316740328122,2.313519445551782
shift,90,DR-COSARC CQR-RSF,0.922,0.7068055974012829,2.0433383577189823
shift,91,Cox quantile,0.9093333333333333,0.9701285619289731,2.3750204981654597
shift,91,RSF quantile,0.8626666666666667,1.0509317027096703,9666666669.324625
shift,91,Naive CQR,0.981,0.0,16666666667.069178
shift,91,Candes CQR-Cox,0.9636666666666667,0.8112321119606836,1.8847583987887497
shift,91,Candes CQR-RSF,0.9246666666666666,0.931442540314054,2.175618942250692
shift,91,Candes CDR-RSF,0.906,0.9045771332114245,1.9757709158201802
shift,91,DR-COSARC CQR-RSF,0.9366666666666666,0.869784731038412,2.05339593880185
shift,92,Cox quantile,0.888,1.0418618315452641,2.484812766195125
shift,92,RSF quantile,0.8403333333333334,1.070200460208221,2.741224577269788
shift,92,Naive CQR,0.9986666666666667,0.0,0.4725592923022044
shift,92,Candes CQR-Cox,0.914,1.0162157725427114,2.240804071858619
shift,92,Candes CQR-RSF,0.9163333333333333,0.8842092226959775,2.127889016345161
shift,92,Candes CDR-RSF,0.923,0.8096086581374504,1.8924297392544807
shift,92,DR-COSARC CQR-RSF,0.8753333333333333,1.0390016858716784,2.340954740370636
shift,93,Cox quantile,0.8886666666666667,0.9985701589526026,2.4086497956768387
shift,93,RSF quantile,0.8486666666666667,1.0143107838119558,2.6361862271130514
shift,93,Naive CQR,0.9916666666666667,0.0,0.42141089438169277
shift,93,Candes CQR-Cox,0.9573333333333334,0.7824686615526293,1.8167696931506891
shift,93,Candes CQR-RSF,0.913,0.901048296953095,2.159279893901893
shift,93,Candes CDR-RSF,0.9183333333333333,0.8222289391204431,2.082150430451192
shift,93,DR-COSARC CQR-RSF,0.9026666666666666,0.9163793302646961,2.1907493563038978
shift,94,Cox quantile,0.886,1.0162917559945623,2.4695712962424103
shift,94,RSF quantile,0.8613333333333333,1.0340870190172566,4333333335.960707
shift,94,Naive CQR,0.9846666666666667,0.0,0.5264020945669706
shift,94,Candes CQR-Cox,0.9003333333333333,1.0139773786464605,2.331306139970728
shift,94,Candes CQR-RSF,0.8933333333333333,0.9184854633404202,2.2732485038262045
shift,94,Candes CDR-RSF,0.849,1.114842558556318,2.570319122902623
shift,94,DR-COSARC CQR-RSF,0.9603333333333334,0.511808793050732,1.5985234637997225
shift,95,Cox quantile,0.9173333333333333,0.9876050152910452,2.4202216603924436
shift,95,RSF quantile,0.8883333333333333,1.0021206329250092,2.566377478890041
shift,95,Naive CQR,0.98,0.0,18000000000.534233
shift,95,Candes CQR-Cox,0.9413333333333334,1.0476655132392503,2.084288470663271
shift,95,Candes CQR-RSF,0.9426666666666667,0.8254618590989886,2.0508178601029114
shift,95,Candes CDR-RSF,0.9463333333333334,0.7735484760289345,2.0221937836398136
shift,95,DR-COSARC CQR-RSF,0.9263333333333333,0.8390984584304028,2.0289895510622156
shift,96,Cox quantile,0.892,0.9662208919519076,2.303691314157383
shift,96,RSF quantile,0.844,1.0485009282884237,8333333335.924586
shift,96,Naive CQR,0.997,0.0,0.5705265138384963
shift,96,Candes CQR-Cox,0.9196666666666666,0.9515916020278192,2.1044086321573854
shift,96,Candes CQR-RSF,0.896,0.9007524147244833,2.1558988635904788
shift,96,Candes CDR-RSF,0.9046666666666666,0.9039189141393569,2.095784442003458
shift,96,DR-COSARC CQR-RSF,0.954,0.7125041923714421,1.720717297769741
shift,97,Cox quantile,0.8886666666666667,1.0493214927644368,2.4956645558941615
shift,97,RSF quantile,0.8603333333333333,1.024682554874461,10000000002.585722
shift,97,Naive CQR,0.9826666666666667,0.0,13333333333.88386
shift,97,Candes CQR-Cox,0.92,0.9927667335068204,2.179642835736806
shift,97,Candes CQR-RSF,0.8846666666666667,0.9162354166049318,2.31054193655731
shift,97,Candes CDR-RSF,0.858,1.0120710805836348,2.510522654257713
shift,97,DR-COSARC CQR-RSF,0.9323333333333333,0.8563284153054918,2.1284252989426724
shift,98,Cox quantile,0.9133333333333333,0.9461426930260806,2.3114753114669115
shift,98,RSF quantile,0.8693333333333333,0.9932324300347473,9333333335.834972
shift,98,Naive CQR,0.987,0.0,0.5271546103605536
shift,98,Candes CQR-Cox,0.935,0.9135575029503167,2.0486175295398623
shift,98,Candes CQR-RSF,0.902,0.8769168465854107,2.2499586157266176
shift,98,Candes CDR-RSF,0.9373333333333334,0.7936739809437561,1.9228843463264245
shift,98,DR-COSARC CQR-RSF,0.969,0.32711541886191553,1.2928005751081644
shift,99,Cox quantile,0.8886666666666667,1.027374029803143,2.3553657031082094
shift,99,RSF quantile,0.8533333333333334,0.9690449068003371,17333333335.704685
shift,99,Naive CQR,0.997,0.0,0.5429881060669346
shift,99,Candes CQR-Cox,0.9166666666666666,0.9508346760797451,2.1379170126191167
shift,99,Candes CQR-RSF,0.8853333333333333,0.8951019425246559,2.2237461164970664
shift,99,Candes CDR-RSF,0.8736666666666667,0.975765831325453,2.3754988820824643
shift,99,DR-COSARC CQR-RSF,0.9093333333333333,0.8363585504112923,2.0479277982071373
