split,method,certified_coverage_lower_bound,ipcw_coverage,median_lpb_days
0,Cox quantile (uncalibrated),0.8421052631578947,0.8965492863243983,417.0
0,"DR conformal, Cox",0.8713450292397661,0.9159120557003628,376.0
0,"DR conformal, RSF",0.9064327485380117,0.95755776496557,434.0
1,Cox quantile (uncalibrated),0.7894736842105263,0.8325197954510803,410.0
1,"DR conformal, Cox",0.8421052631578947,0.8826881256780443,394.0
1,"DR conformal, RSF",0.8654970760233918,0.9045529705373908,426.0
2,Cox quantile (uncalibrated),0.8771929824561403,0.9308116810152418,374.0
2,"DR conformal, Cox",0.8654970760233918,0.9240354932266778,445.0
2,"DR conformal, RSF",0.9181286549707602,0.9693693940736967,429.0
3,Cox quantile (uncalibrated),0.8187134502923976,0.8662590939809975,403.0
3,"DR conformal, Cox",0.8304093567251462,0.8812229882229023,456.0
3,"DR conformal, RSF",0.8596491228070176,0.9007219366318419,475.0
4,Cox quantile (uncalibrated),0.847953216374269,0.9093449890016339,426.0
4,"DR conformal, Cox",0.8654970760233918,0.9447608065285097,372.0
4,"DR conformal, RSF",0.9064327485380117,0.9710399997420458,414.0
5,Cox quantile (uncalibrated),0.8304093567251462,0.8920968834406221,446.0
5,"DR conformal, Cox",0.8771929824561403,0.9199598355082664,432.0
5,"DR conformal, RSF",0.8888888888888888,0.9341014391109083,466.0
6,Cox quantile (uncalibrated),0.847953216374269,0.8957294797575658,385.0
6,"DR conformal, Cox",0.847953216374269,0.9139908924712735,369.0
6,"DR conformal, RSF",0.8888888888888888,0.9325511997671283,358.0
7,Cox quantile (uncalibrated),0.8421052631578947,0.892021233384272,426.0
7,"DR conformal, Cox",0.8421052631578947,0.9010623355458242,458.0
7,"DR conformal, RSF",0.8596491228070176,0.9189179479674319,412.0
8,Cox quantile (uncalibrated),0.8011695906432749,0.8374570433472028,403.0
8,"DR conformal, Cox",0.8187134502923976,0.8512002738683175,387.0
8,"DR conformal, RSF",0.8596491228070176,0.8971365766452303,361.0
9,Cox quantile (uncalibrated),0.9064327485380117,0.9667325083676243,392.0
9,"DR conformal, Cox",0.8654970760233918,0.9324802273577488,407.0
9,"DR conformal, RSF",0.9298245614035088,0.9891171751876762,448.0
10,Cox quantile (uncalibrated),0.8538011695906432,0.89875183213071,394.0
10,"DR conformal, Cox",0.8713450292397661,0.9178260506409358,360.0
10,"DR conformal, RSF",0.8947368421052632,0.938712602704534,370.0
11,Cox quantile (uncalibrated),0.7777777777777778,0.8203182606094255,455.0
11,"DR conformal, Cox",0.7953216374269005,0.8418002542249815,426.0
11,"DR conformal, RSF",0.7894736842105263,0.8387633358821355,426.0
12,Cox quantile (uncalibrated),0.8304093567251462,0.8750721311370375,426.0
12,"DR conformal, Cox",0.8362573099415205,0.8811215285237659,420.0
12,"DR conformal, RSF",0.8362573099415205,0.8845648911114032,445.0
13,Cox quantile (uncalibrated),0.8304093567251462,0.8825715065925314,448.0
13,"DR conformal, Cox",0.8654970760233918,0.915501225103118,360.0
13,"DR conformal, RSF",0.9005847953216374,0.9475313758254452,358.0
14,Cox quantile (uncalibrated),0.8245614035087719,0.8707500689999913,471.0
14,"DR conformal, Cox",0.8538011695906432,0.9003848650231979,417.0
14,"DR conformal, RSF",0.8245614035087719,0.8708523741597035,438.0
15,Cox quantile (uncalibrated),0.8421052631578947,0.8782383118983091,420.0
15,"DR conformal, Cox",0.8538011695906432,0.8874860811162442,402.0
15,"DR conformal, RSF",0.8654970760233918,0.9022705260348176,420.0
16,Cox quantile (uncalibrated),0.8654970760233918,0.927270945540386,403.0
16,"DR conformal, Cox",0.8538011695906432,0.9207785364315298,343.0
16,"DR conformal, RSF",0.8947368421052632,0.9520458687303185,417.0
17,Cox quantile (uncalibrated),0.847953216374269,0.9071056131750722,415.0
17,"DR conformal, Cox",0.8947368421052632,0.9497153926398794,395.0
17,"DR conformal, RSF",0.8713450292397661,0.9261433020079908,425.0
18,Cox quantile (uncalibrated),0.8596491228070176,0.9067661044040694,417.0
18,"DR conformal, Cox",0.8830409356725146,0.9312654308930041,403.0
18,"DR conformal, RSF",0.8830409356725146,0.9337812828089468,420.0
19,Cox quantile (uncalibrated),0.8070175438596491,0.8479178627604446,392.0
19,"DR conformal, Cox",0.8245614035087719,0.8655024764667989,392.0
19,"DR conformal, RSF",0.8596491228070176,0.8959786464237164,365.0
20,Cox quantile (uncalibrated),0.8304093567251462,0.8749944548401036,394.0
20,"DR conformal, Cox",0.8128654970760234,0.8748834925314123,459.0
20,"DR conformal, RSF",0.847953216374269,0.8900980448191379,491.0
21,Cox quantile (uncalibrated),0.8654970760233918,0.9237422854440046,403.0
21,"DR conformal, Cox",0.8654970760233918,0.918324039730475,415.0
21,"DR conformal, RSF",0.8947368421052632,0.9514465173090142,407.0
22,Cox quantile (uncalibrated),0.847953216374269,0.8983690497133462,426.0
22,"DR conformal, Cox",0.9005847953216374,0.9376781404806002,322.0
22,"DR conformal, RSF",0.8947368421052632,0.9427442738493391,409.0
23,Cox quantile (uncalibrated),0.8304093567251462,0.8776887413556718,417.0
23,"DR conformal, Cox",0.8538011695906432,0.9116343855241129,326.0
23,"DR conformal, RSF",0.8304093567251462,0.8802801492097357,473.0
24,Cox quantile (uncalibrated),0.8128654970760234,0.8689589038174862,403.0
24,"DR conformal, Cox",0.8362573099415205,0.8837451136928386,390.0
24,"DR conformal, RSF",0.847953216374269,0.9055452994926882,457.0
25,Cox quantile (uncalibrated),0.8596491228070176,0.9079918688271521,392.0
25,"DR conformal, Cox",0.847953216374269,0.9103120325540284,456.0
25,"DR conformal, RSF",0.9005847953216374,0.950315291538573,396.0
26,Cox quantile (uncalibrated),0.8011695906432749,0.84243674220958,473.0
26,"DR conformal, Cox",0.8187134502923976,0.8621606071158172,476.0
26,"DR conformal, RSF",0.8245614035087719,0.8647637978837384,476.0
27,Cox quantile (uncalibrated),0.8070175438596491,0.851316675760526,426.0
27,"DR conformal, Cox",0.8245614035087719,0.8725547082487181,480.0
27,"DR conformal, RSF",0.847953216374269,0.9023474503396126,486.0
28,Cox quantile (uncalibrated),0.7953216374269005,0.8359801219248354,436.0
28,"DR conformal, Cox",0.8421052631578947,0.8835275017232036,392.0
28,"DR conformal, RSF",0.8304093567251462,0.8702928779066337,460.0
29,Cox quantile (uncalibrated),0.8421052631578947,0.8924417680392165,426.0
29,"DR conformal, Cox",0.8538011695906432,0.9030566499884465,402.0
29,"DR conformal, RSF",0.8245614035087719,0.8744004899202541,438.0
30,Cox quantile (uncalibrated),0.8245614035087719,0.882774659729704,420.0
30,"DR conformal, Cox",0.8421052631578947,0.8998707823980346,374.0
30,"DR conformal, RSF",0.9122807017543859,0.9571008577541704,358.0
31,Cox quantile (uncalibrated),0.8304093567251462,0.889163460015505,449.0
31,"DR conformal, Cox",0.8830409356725146,0.9361945012402897,378.0
31,"DR conformal, RSF",0.8888888888888888,0.9450389083594203,410.0
32,Cox quantile (uncalibrated),0.8187134502923976,0.8668296320251082,426.0
32,"DR conformal, Cox",0.8187134502923976,0.8577691050119356,398.0
32,"DR conformal, RSF",0.8538011695906432,0.9067666881156302,410.0
33,Cox quantile (uncalibrated),0.8304093567251462,0.8766974754141055,385.0
33,"DR conformal, Cox",0.8304093567251462,0.8943791938034258,374.0
33,"DR conformal, RSF",0.8713450292397661,0.9133355038501519,394.0
34,Cox quantile (uncalibrated),0.8245614035087719,0.8732591614284761,410.0
34,"DR conformal, Cox",0.8596491228070176,0.9020341238715609,352.0
34,"DR conformal, RSF",0.8362573099415205,0.8847324117164707,415.0
35,Cox quantile (uncalibrated),0.8362573099415205,0.8835509034642244,420.0
35,"DR conformal, Cox",0.847953216374269,0.8994023855495243,363.0
35,"DR conformal, RSF",0.8362573099415205,0.8796198068595131,399.0
36,Cox quantile (uncalibrated),0.8421052631578947,0.9002133377172681,436.0
36,"DR conformal, Cox",0.9181286549707602,0.9792849425422252,303.0
36,"DR conformal, RSF",0.847953216374269,0.9068614065875134,471.0
37,Cox quantile (uncalibrated),0.8187134502923976,0.8745288119871488,448.0
37,"DR conformal, Cox",0.8070175438596491,0.8586178209636309,466.0
37,"DR conformal, RSF",0.8654970760233918,0.9128949263839254,441.0
38,Cox quantile (uncalibrated),0.8304093567251462,0.8790219617464777,417.0
38,"DR conformal, Cox",0.8654970760233918,0.9360040141216837,393.0
38,"DR conformal, RSF",0.8596491228070176,0.9142869879404663,432.0
39,Cox quantile (uncalibrated),0.8538011695906432,0.9101278659576612,426.0
39,"DR conformal, Cox",0.8596491228070176,0.9124840026202702,438.0
39,"DR conformal, RSF",0.847953216374269,0.8961532306743238,490.0
40,Cox quantile (uncalibrated),0.8421052631578947,0.8845159453103586,403.0
40,"DR conformal, Cox",0.8830409356725146,0.9220879878274842,351.0
40,"DR conformal, RSF",0.8830409356725146,0.9229234709081051,372.0
41,Cox quantile (uncalibrated),0.847953216374269,0.8926312568044453,420.0
41,"DR conformal, Cox",0.847953216374269,0.8985323999003002,438.0
41,"DR conformal, RSF",0.8713450292397661,0.9176828093002889,481.0
42,Cox quantile (uncalibrated),0.8362573099415205,0.8754750621626204,415.0
42,"DR conformal, Cox",0.8771929824561403,0.9108329141258571,374.0
42,"DR conformal, RSF",0.8888888888888888,0.9271269505221597,372.0
43,Cox quantile (uncalibrated),0.8421052631578947,0.8822704334812348,379.0
43,"DR conformal, Cox",0.8771929824561403,0.923882165349471,380.0
43,"DR conformal, RSF",0.8830409356725146,0.9299541757147709,352.0
44,Cox quantile (uncalibrated),0.9122807017543859,0.9658738544441499,371.0
44,"DR conformal, Cox",0.9181286549707602,0.9699364577237671,357.0
44,"DR conformal, RSF",0.9473684210526315,0.9961053984021595,420.0
45,Cox quantile (uncalibrated),0.8304093567251462,0.8786606539879431,403.0
45,"DR conformal, Cox",0.8713450292397661,0.928205993640746,353.0
45,"DR conformal, RSF",0.8654970760233918,0.9152495404510312,456.0
46,Cox quantile (uncalibrated),0.8596491228070176,0.9091255304062572,410.0
46,"DR conformal, Cox",0.8538011695906432,0.9029189237407375,383.0
46,"DR conformal, RSF",0.8888888888888888,0.9384098922653019,448.0
47,Cox quantile (uncalibrated),0.8128654970760234,0.8555436589690846,420.0
47,"DR conformal, Cox",0.8538011695906432,0.8904286925991672,417.0
47,"DR conformal, RSF",0.8421052631578947,0.8881504199512008,392.0
48,Cox quantile (uncalibrated),0.8362573099415205,0.8877962090480683,420.0
48,"DR conformal, Cox",0.8245614035087719,0.8897749835487355,415.0
48,"DR conformal, RSF",0.8654970760233918,0.9150393328267871,420.0
49,Cox quantile (uncalibrated),0.8713450292397661,0.9252347460325503,420.0
49,"DR conformal, Cox",0.8947368421052632,0.9517681127218505,385.0
49,"DR conformal, RSF",0.9005847953216374,0.9486074357257658,371.0
